location,subway
"[37.539846, 126.946061]",마포역
"[37.554989, 126.970793]",서울역
"[37.58234, 127.001914]",혜화역
"[37.648391, 127.034431]",쌍문역
"[37.53484, 126.994596]",이태원역
